Date, Close/Last, Volume, Open, High, Low
01/31/2020, 381.25, 136103, 381.5, 382.75, 379.75
01/30/2020, 379.5, 144240, 384.5, 385, 378.5
01/29/2020, 384.25, 121289, 385.5, 388.25, 382.75
01/28/2020, 386.5, 224825, 382.5, 387, 378.5
01/27/2020, 380.5, 242410, 384.25, 384.75, 377.25
01/24/2020, 387.25, 184087, 393.25, 393.25, 386.5
01/23/2020, 393.75, 244067, 388.5, 394, 387.5
01/22/2020, 388.75, 142431, 387.5, 391, 386.75
01/21/2020, 387.5, 168620, 389, 389.25, 384.25
01/17/2020, 389.25, 275953, 377, 389.5, 376.75
01/16/2020, 375.5, 213486, 387.25, 387.75, 375.25
01/15/2020, 387.5, 129405, 388.75, 390.25, 386.5
01/14/2020, 389, 101032, 389.25, 390.5, 388.25
01/13/2020, 389.5, 123587, 388.5, 389.5, 388.25
01/10/2020, 385.75, 206470, 383.25, 386.75, 376.5
01/09/2020, 383.25, 114754, 383.75, 387, 382.25
01/08/2020, 384.25, 117017, 384, 385.5, 382.25
01/07/2020, 384.5, 81838, 385, 385.75, 383.5
01/06/2020, 384.75, 97994, 385.25, 385.75, 384.5
01/03/2020, 386.5, 112048, 391.5, 392, 385.5
01/02/2020, 391.5, 92345, 387.75, 392, 387.25
12/31/2019, 387.75, 72989, 388.25, 389.75, 386.25
12/30/2019, 388.25, 107198, 389.25, 392, 386.75
12/27/2019, 390, 73843, 388, 391, 388
12/26/2019, 388.5, 42713, 388, 389, 386.5
12/24/2019, 387.5, 44328, 388.5, 389, 387
12/23/2019, 388.75, 71412, 388, 390.25, 387.25
12/20/2019, 387.75, 68692, 386.5, 389.5, 386
12/19/2019, 386.5, 84372, 387, 389, 385
12/18/2019, 387, 114382, 389.25, 390, 385.75
12/17/2019, 390, 105079, 389.5, 389.75, 389.25
12/16/2019, 388, 164623, 383.5, 389.5, 383.25
12/13/2019, 366.25, 88, 373.75, 374.5, 366.25
12/12/2019, 367, 664, 358.25, 368.75, 358.25
12/11/2019, 357.75, 259, 363, 363, 357
12/10/2019, 363.25, 888, 365.75, 367, 362.5
12/09/2019, 365.75, 639, 366.5, 368, 365
12/06/2019, 366.5, 960, 366.25, 367.25, 364.75
12/05/2019, 365.5, 3029, 368.5, 369.75, 365.25
12/04/2019, 368.75, 2978, 371.75, 373.5, 367.75
12/03/2019, 372, 4939, 373.75, 376, 371.5
12/02/2019, 373.5, 6189, 374.5, 375.5, 371.5
11/29/2019, 371.25, 15409, 365.75, 372.25, 365
11/27/2019, 362.75, 157745, 367.25, 368.75, 362.25
11/26/2019, 367.5, 182344, 369.75, 370.5, 367
11/25/2019, 370.5, 171835, 368.75, 372.75, 368.25
11/22/2019, 368.75, 188613, 368, 370.25, 367.5
11/21/2019, 368.5, 131462, 366.75, 369.75, 366.25
11/20/2019, 366.75, 274150, 366, 367.5, 365.75
11/19/2019, 370, 185640, 367.75, 373, 367.75
11/18/2019, 367.75, 182872, 371, 371.75, 367.5
11/15/2019, 371.25, 126643, 375.5, 376.5, 370.75
11/14/2019, 375.75, 131876, 375.25, 377.5, 374.5
11/13/2019, 375.25, 178444, 377, 377.75, 375
11/12/2019, 377.75, 203568, 373.5, 378, 372.75
11/11/2019, 373.25, 186700, 376, 377, 372.5
11/08/2019, 377.25, 316923, 375.25, 383.75, 372.5
11/07/2019, 375.25, 194440, 379.25, 380, 373.75
11/06/2019, 378.75, 170438, 382.25, 382.5, 377.5
11/05/2019, 381.75, 140692, 383.25, 384.75, 380.5
11/04/2019, 383.25, 131680, 386.75, 387.75, 383
11/01/2019, 389.25, 133939, 389.25, 391.75, 386.25
10/31/2019, 390, 158617, 385.75, 390.25, 385
10/30/2019, 390.75, 154228, 385.75, 391.25, 385.25
10/29/2019, 386.25, 138455, 383.5, 387.5, 382
10/28/2019, 384, 107548, 386, 386.5, 383.25
10/25/2019, 387.75, 116327, 387, 390, 385.75
10/24/2019, 386.75, 116746, 388.5, 390.75, 385.25
10/23/2019, 387.75, 107450, 387.75, 389.5, 384
10/22/2019, 388, 123774, 387, 392.5, 385
10/21/2019, 387.25, 134607, 390, 393.75, 386.5
10/18/2019, 391, 110414, 394, 395.75, 389.75
10/17/2019, 394.75, 131217, 391.75, 397.25, 391.5
10/16/2019, 391.75, 129168, 392, 392.75, 387.5
10/15/2019, 393.25, 129870, 397, 398.5, 392.5
10/14/2019, 397.25, 160479, 401.25, 402.5, 393.25
10/11/2019, 397.75, 253205, 380.75, 398.75, 380.5
10/10/2019, 380.25, 281182, 392.75, 395, 378.25
10/09/2019, 394.25, 128661, 395.5, 397.25, 393
10/08/2019, 395.75, 182677, 387.5, 396.5, 386
10/07/2019, 387, 88611, 387.5, 387.75, 385
10/04/2019, 384.75, 103288, 388, 389, 383.75
10/03/2019, 388.75, 114769, 387, 390.75, 385.5
10/02/2019, 387.75, 142335, 390.5, 391.75, 385.5
10/01/2019, 392.5, 208306, 386.75, 392.75, 385.25
09/30/2019, 388, 315024, 372, 388.25, 371.5
09/27/2019, 371.5, 81035, 371.25, 373, 369.75
09/26/2019, 372.5, 159873, 373.5, 375.75, 368.25
09/25/2019, 374.25, 108226, 375.25, 377.5, 372.25
09/24/2019, 374.75, 133529, 372, 376, 370.25
09/23/2019, 373.25, 86684, 371.25, 374.5, 371
09/20/2019, 370.75, 117457, 372.75, 374.5, 369.5
09/19/2019, 372.75, 108595, 371.5, 373.75, 369.5
09/18/2019, 371.25, 118261, 367.75, 372, 365.75
09/17/2019, 368, 141161, 370.25, 371.25, 366
09/16/2019, 374, 121939, 372, 374.75, 367.5
09/13/2019, 355.5, 122, 358.5, 358.5, 358.5
09/12/2019, 354.5, 152, 349.75, 353.75, 349.5
09/11/2019, 348.25, 328, 349.75, 349.75, 344.75
09/10/2019, 348.5, 314, 344, 349.5, 344
09/09/2019, 340.75, 917, 343.25, 343.25, 340
09/06/2019, 342.5, 1357, 347.5, 348.25, 341.5
09/05/2019, 346.5, 1813, 346.5, 349.5, 346.5
09/04/2019, 346, 3844, 350.5, 351, 344.5
09/03/2019, 349.75, 5085, 358.75, 359, 349
08/30/2019, 357, 10502, 359.75, 364.5, 356.75
08/29/2019, 359.75, 118185, 363, 369, 357.5
08/28/2019, 362.75, 159024, 357.25, 365.5, 355.25
08/27/2019, 357, 105885, 359, 360, 356.75
08/26/2019, 358.5, 94376, 358, 362, 357
08/23/2019, 359.75, 152021, 362.75, 363, 357.5
08/22/2019, 363.25, 87996, 363, 366.5, 359
08/21/2019, 362.5, 111053, 360, 364, 357
08/20/2019, 359.5, 73977, 366.5, 370.25, 359.25
08/19/2019, 365, 62273, 367.25, 368.25, 363.25
08/16/2019, 371, 89062, 361.5, 371.25, 361.25
08/15/2019, 360.75, 83442, 360.25, 363.75, 358.25
08/14/2019, 359, 167197, 366.25, 370.5, 358.5
08/13/2019, 366, 280890, 379, 379, 365.5
08/12/2019, 385.25, 217576, 409.75, 410, 385.25
08/09/2019, 410.25, 167674, 410.75, 417, 407.25
08/08/2019, 411, 158905, 407.25, 412, 405.5
08/07/2019, 406.5, 137557, 404.75, 407.5, 400.5
08/06/2019, 404, 98646, 405.75, 408, 400.75
08/05/2019, 405.25, 91539, 400, 406.75, 391
08/02/2019, 399.5, 74140, 394.75, 400, 393.5
08/01/2019, 392.75, 129681, 401.75, 403, 387.25
07/31/2019, 400.25, 135075, 410.75, 413.75, 400
07/30/2019, 411.25, 67958, 417, 417, 410.25
07/29/2019, 417, 78366, 413.25, 419.5, 412
07/26/2019, 414.5, 101738, 418.25, 419.5, 413
07/25/2019, 418.5, 160329, 424, 425.75, 418
07/24/2019, 424, 81612, 425, 430.5, 421.5
07/23/2019, 425.5, 118411, 423.75, 426.5, 418.25
07/22/2019, 422.25, 98856, 430.75, 432.25, 421
07/19/2019, 430.75, 103643, 425.5, 434, 423.75
07/18/2019, 424.5, 138181, 435, 436, 423.25
07/17/2019, 436, 115173, 435.25, 441.5, 431.5
07/16/2019, 435.25, 132119, 437.75, 440.75, 429
07/15/2019, 441, 150371, 459.25, 460, 439.75
07/12/2019, 454.25, 268, 447.75, 457, 447.75
07/11/2019, 447.75, 597, 433.25, 448, 433.25
07/10/2019, 434.25, 494, 430, 434.75, 428
07/09/2019, 431.75, 438, 437.25, 437.75, 429.25
07/08/2019, 438.5, 2083, 440.75, 442.75, 432
07/05/2019, 434, 2123, 433, 435.5, 427
07/03/2019, 433, 3471, 417, 433.75, 417
07/02/2019, 413.5, 6426, 412.5, 415.5, 408.25
07/01/2019, 412, 13147, 424.25, 424.75, 410.25
06/28/2019, 420.25, 33438, 439, 455, 411
06/27/2019, 440, 133703, 443, 445.5, 438.5
06/26/2019, 443.25, 132380, 447, 447.25, 440.75
06/25/2019, 447.5, 134070, 451, 453, 446.5
06/24/2019, 446.75, 146335, 442.25, 447.75, 440.25
06/21/2019, 442.25, 220486, 452, 454, 441.75
06/20/2019, 450, 176575, 441.5, 450.75, 436.5
06/19/2019, 441, 171292, 449.75, 451.75, 438.25
06/18/2019, 449.75, 199862, 455.5, 458, 442.75
06/17/2019, 454.75, 261820, 458.25, 464.25, 450.5
06/14/2019, 453, 290750, 442, 457.25, 441.75
06/13/2019, 442, 375288, 429.75, 442.75, 429.5
06/12/2019, 430, 312104, 427.75, 434.5, 424
06/11/2019, 427.75, 332271, 415, 430.25, 408.25
06/10/2019, 415.75, 254185, 413, 416.5, 409
06/07/2019, 415.75, 200060, 421, 423.5, 415
06/06/2019, 420.5, 258656, 414.5, 421.5, 407
06/05/2019, 414.75, 213827, 424.25, 424.75, 412.25
06/04/2019, 425.25, 289299, 435, 436, 421.25
06/03/2019, 424.25, 272387, 426.25, 430.75, 418.25
05/31/2019, 427, 281470, 435, 437.5, 423.25
05/30/2019, 436.25, 304285, 416.5, 436.75, 413.25
05/29/2019, 418.75, 461440, 429.25, 438, 412.25
05/28/2019, 420.25, 392579, 408, 421, 407.5
05/24/2019, 404.25, 285729, 390.5, 404.75, 389.75
05/23/2019, 389.75, 328675, 394, 399, 387
05/22/2019, 394.5, 277047, 393.25, 396.5, 386.25
05/21/2019, 394.25, 431782, 393.25, 399, 391.25
05/20/2019, 389, 344092, 386, 391.5, 385.75
05/17/2019, 383.25, 301062, 380, 384.75, 380
05/16/2019, 379, 235748, 368.75, 380.75, 368.75
05/15/2019, 369.5, 320023, 369, 380, 368
05/14/2019, 360.5, 199, 354.25, 360.75, 353.5
05/13/2019, 347.5, 266, 335.5, 348.25, 335.5
05/10/2019, 342.5, 308, 346.5, 346.5, 338.25
05/09/2019, 344.5, 657, 350, 350, 344
05/08/2019, 355.25, 860, 356.5, 356.5, 353.25
05/07/2019, 358, 1156, 357, 359.25, 355
05/06/2019, 355.75, 1710, 352.5, 356, 349
05/03/2019, 363, 1645, 362.25, 363.25, 360.25
05/02/2019, 362, 3576, 361, 362.25, 358.5
05/01/2019, 360, 8030, 353.5, 360.5, 353.5
04/30/2019, 353.25, 13784, 352.25, 354, 349.25
04/29/2019, 352, 243299, 353.25, 356, 351.25
04/26/2019, 351.25, 150231, 347.25, 353.5, 347
04/25/2019, 347.5, 202983, 346, 351, 342.25
04/24/2019, 346.75, 204672, 351, 352.5, 345.5
04/23/2019, 351.25, 162035, 354.75, 355, 350.25
04/22/2019, 354.75, 124723, 359, 359, 354.25
04/18/2019, 358.5, 90353, 358, 359.25, 357
04/17/2019, 358.25, 131584, 358.25, 360, 356.75
04/16/2019, 359, 167255, 362.5, 362.5, 357.25
04/15/2019, 362.75, 185325, 361.25, 364.25, 361
04/12/2019, 361, 81349, 360.25, 361.5, 358.5
04/11/2019, 360, 238045, 361.25, 363, 358.5
04/10/2019, 361.75, 225075, 360.25, 362.75, 360
04/09/2019, 360, 244708, 359.75, 362.25, 355.25
04/08/2019, 360, 241396, 362.25, 363.5, 359.5
04/05/2019, 362.5, 247029, 364.5, 364.75, 360.5
04/04/2019, 365.25, 150793, 362.75, 366.25, 362.75
04/03/2019, 362.75, 125262, 361.25, 364.75, 360.5
04/02/2019, 361.5, 106003, 362.25, 363.5, 359.25
04/01/2019, 361.75, 212852, 356.5, 363, 356.5
03/29/2019, 356.5, 408672, 373.75, 375, 356
03/28/2019, 374, 86130, 373.75, 374.75, 372
03/27/2019, 373.75, 111351, 376.75, 377, 372
03/26/2019, 377.25, 150035, 379.25, 380.5, 375.5
03/25/2019, 379.75, 137630, 378.75, 380.75, 376.75
03/22/2019, 378.25, 209014, 375.75, 380.75, 375.5
03/21/2019, 376.25, 205943, 371, 377.5, 370.5
03/20/2019, 371.5, 92601, 371.5, 372.5, 368.75
03/19/2019, 371.25, 143065, 372, 373.75, 367.75
03/18/2019, 371.5, 159829, 374, 375.5, 370.25
03/15/2019, 373.25, 173593, 369.25, 373.75, 369
03/14/2019, 361.5, 390, 360.25, 363.25, 360
03/13/2019, 357.25, 317, 357.25, 359.5, 355
03/12/2019, 356.5, 798, 353.25, 357.75, 352.75
03/11/2019, 352.5, 1747, 357.5, 357.5, 353
03/08/2019, 354.75, 2265, 357.75, 358.25, 354
03/07/2019, 356, 2482, 362.25, 362.25, 355.75
03/06/2019, 362.5, 2916, 366, 366, 361
03/05/2019, 366, 4570, 366, 367.25, 364.75
03/04/2019, 365, 5270, 365.25, 368, 364.5
03/01/2019, 364, 12340, 361.75, 364, 357.5
02/28/2019, 362, 23044, 363.75, 364.75, 361.25
02/27/2019, 363.75, 183007, 366, 368.25, 362.5
02/26/2019, 366.25, 221891, 370.75, 371.25, 365.5
02/25/2019, 370.5, 310455, 377.75, 378.5, 370
02/22/2019, 375.25, 276531, 374.75, 377.75, 374.5
02/21/2019, 375.5, 222210, 371, 378.5, 370.5
02/20/2019, 370.75, 260899, 371.5, 373.5, 368.5
02/19/2019, 369.75, 205198, 374.25, 376.25, 369
02/15/2019, 374.75, 193053, 374.75, 376.5, 373
02/14/2019, 374.75, 195327, 378.75, 379, 374
02/13/2019, 378.75, 216594, 377.5, 379, 376.25
02/12/2019, 378.25, 266784, 373.5, 378.75, 373
02/11/2019, 372.75, 283250, 374.5, 375, 371.75
02/08/2019, 374.25, 318169, 376.5, 381.75, 374
02/07/2019, 376.5, 235524, 379.75, 380.25, 376.25
02/06/2019, 380, 134193, 380.5, 380.75, 379
02/05/2019, 380.75, 157922, 379.5, 381.25, 377
02/04/2019, 379.25, 126118, 377.75, 379.75, 376.5
02/01/2019, 378.25, 138188, 376.5, 380.75, 376.5
01/31/2019, 376.5, 186663, 381, 381.5, 375.75
01/30/2019, 381.25, 180041, 377.75, 381.5, 377.5
01/29/2019, 377.25, 171353, 379.75, 380.75, 376
01/28/2019, 379.75, 89926, 379.5, 381, 378
01/25/2019, 380.25, 118004, 377, 380.5, 376
01/24/2019, 377, 113133, 378.75, 379.75, 375.75
01/23/2019, 378.75, 112205, 379.5, 381.75, 378
01/22/2019, 379, 191961, 380.75, 382.25, 376.75
01/18/2019, 381.75, 177446, 379.75, 383, 377.75
01/17/2019, 380, 195829, 374, 381.5, 373.75
01/16/2019, 374, 150924, 372.75, 375, 372.5
01/15/2019, 371.25, 231496, 379.5, 381, 371
01/14/2019, 378.5, 125951, 378.5, 381, 377
01/11/2019, 378.25, 111872, 377, 379.25, 376.75
01/10/2019, 376.25, 165750, 381.5, 382.75, 376
01/09/2019, 382, 172034, 380.5, 383.5, 380.5
01/08/2019, 380, 157428, 382.5, 384.5, 379
01/07/2019, 382.25, 93177, 382.25, 384, 381.75
01/04/2019, 383, 141421, 380, 383.5, 379.75
01/03/2019, 379.75, 90578, 375.5, 380.5, 374.75
01/02/2019, 375.75, 86673, 375.25, 377.75, 374
12/31/2018, 375, 75393, 375.5, 377, 372.75
12/28/2018, 375.5, 71792, 374.5, 377.5, 374.5
12/27/2018, 374.5, 82415, 373.25, 376.5, 373.25
12/26/2018, 373.25, 82550, 378.25, 379.25, 372.5
12/24/2018, 377.75, 49264, 378.25, 379, 375.25
12/21/2018, 378.5, 120135, 375.5, 379.5, 374.75
12/20/2018, 375.25, 179975, 381.75, 382.75, 375
12/19/2018, 381.75, 97118, 385, 385.25, 381.5
12/18/2018, 385.5, 120624, 383.75, 386.5, 383.25
12/17/2018, 384, 83815, 384.25, 386, 383.25
12/14/2018, 376.75, 357, 378, 379, 377.5
12/13/2018, 375.5, 229, 375, 377.5, 374
12/12/2018, 376.25, 632, 375.5, 378, 375.5
12/11/2018, 375, 1372, 373.75, 376.5, 372.75
12/10/2018, 374.25, 1655, 374.25, 376, 372.75
12/07/2018, 374, 2239, 371.75, 374.75, 371.5
12/06/2018, 372, 2299, 374, 374.5, 369.25
12/04/2018, 374.25, 2054, 373.5, 376, 372.5
12/03/2018, 371.25, 7579, 372.75, 374, 369.5
11/30/2018, 366.5, 17315, 360.75, 366.75, 360.5
11/29/2018, 360.25, 178815, 360.5, 363, 359
11/28/2018, 360.5, 198510, 356.25, 361.5, 356
11/27/2018, 356.5, 202425, 356, 358.5, 355.5
11/26/2018, 356, 291950, 359.5, 360.5, 355.25
11/23/2018, 359, 152290, 361, 361.75, 358.75
11/21/2018, 361.75, 142827, 361.25, 363.25, 360
11/20/2018, 361.25, 116351, 362.75, 363.5, 361.25
11/19/2018, 362.25, 146178, 364.75, 366.25, 361.25
11/16/2018, 364.75, 163026, 367.25, 368.75, 363.25
11/15/2018, 367.5, 163558, 366.75, 371.75, 366.5
11/14/2018, 367, 102585, 366, 368, 365.75
11/13/2018, 366.5, 154022, 369.5, 370.75, 365.5
11/12/2018, 371.25, 148528, 369, 372.5, 368
11/09/2018, 369.75, 181062, 372.75, 374, 368.25
11/08/2018, 373.5, 402856, 372, 379, 366
11/07/2018, 372.25, 193852, 372.25, 373.25, 371
11/06/2018, 373.25, 189010, 373.75, 374.5, 372
11/05/2018, 374, 170839, 371, 374.25, 369.5
11/02/2018, 371.25, 228477, 366.25, 373, 365.25
11/01/2018, 366.75, 287639, 363.25, 371, 363
10/31/2018, 363.25, 145604, 364.75, 365.25, 362.5
10/30/2018, 364.75, 119983, 366.75, 368, 364.25
10/29/2018, 366.75, 123341, 368, 371.5, 365.5
10/26/2018, 367.75, 196890, 361.75, 369.75, 361.75
10/25/2018, 361, 244537, 367.75, 368.25, 360.5
10/24/2018, 368.25, 103535, 369.5, 369.75, 367.75
10/23/2018, 370.25, 125062, 369.25, 372.5, 368
10/22/2018, 369.5, 126010, 365.5, 370.5, 365.5
10/19/2018, 367, 153391, 370.5, 371, 366
10/18/2018, 370.75, 123059, 373, 373.25, 369.5
10/17/2018, 374.25, 96401, 375, 376.25, 373.25
10/16/2018, 375.25, 169779, 377.25, 377.5, 373.5
10/15/2018, 378.25, 199007, 373, 378.5, 371.75
10/12/2018, 373.75, 172201, 369, 374, 368.5
10/11/2018, 369.25, 217401, 362, 373, 360.25
10/10/2018, 362.75, 108095, 364.5, 365.25, 362
10/09/2018, 364.5, 101910, 366.5, 368, 363.75
10/08/2018, 366.5, 110728, 368.5, 369.5, 364.25
10/05/2018, 368.25, 194070, 367.5, 369.5, 363
10/04/2018, 367.5, 120370, 364.75, 368.5, 364.75
10/03/2018, 364.75, 124940, 367.75, 369, 364.5
10/02/2018, 367.5, 186687, 365, 369, 363.25
10/01/2018, 365.75, 200126, 356.75, 366.5, 356.5
09/28/2018, 356.25, 214856, 364.5, 366.75, 354.5
09/27/2018, 364.75, 98635, 363, 365.75, 361.25
09/26/2018, 363, 124475, 363.5, 364.75, 361.25
09/25/2018, 363.75, 172187, 360.25, 364.25, 357.5
09/24/2018, 360.5, 133943, 357.25, 362, 355.75
09/21/2018, 357.25, 145144, 352.5, 357.75, 352.25
09/20/2018, 352.5, 250052, 345.25, 356.25, 344.75
09/19/2018, 345.75, 136848, 343, 346.75, 343
09/18/2018, 343.25, 183868, 348, 348.75, 342.5
09/17/2018, 348, 132646, 351, 351.75, 347.75
09/14/2018, 337, 57, 338.5, 338.75, 337.5
09/13/2018, 336.25, 131, 344.5, 344.5, 337
09/12/2018, 341.5, 407, 354.25, 354.5, 340.5
09/11/2018, 355.25, 287, 357.25, 357.25, 354.75
09/10/2018, 355.5, 1251, 353.25, 356, 353
09/07/2018, 354.25, 692, 352.75, 355.75, 351
09/06/2018, 353.5, 2159, 353.5, 354.5, 350.75
09/05/2018, 351.75, 3512, 356, 356, 351
09/04/2018, 354.5, 4719, 351.5, 355.25, 347.25
08/31/2018, 351, 16236, 341, 352, 340.75
08/30/2018, 341, 117068, 341.5, 344, 340.5
08/29/2018, 341.25, 95606, 341, 344, 340.25
08/28/2018, 341, 120362, 345.75, 347.75, 340.75
08/27/2018, 346.75, 114351, 348.5, 348.75, 343
08/24/2018, 348.5, 96424, 346.5, 350, 346.25
08/23/2018, 346.75, 119882, 353, 355, 346.25
08/22/2018, 352.5, 84359, 359.25, 359.25, 352.25
08/21/2018, 359.75, 79857, 362.75, 363.75, 358.5
08/20/2018, 362, 76667, 365.25, 366, 359.5
08/17/2018, 364.25, 68841, 365, 367.75, 361.75
08/16/2018, 365.25, 62851, 361.5, 367.5, 360.5
08/15/2018, 361.5, 81337, 362.25, 363.5, 359
08/14/2018, 362.25, 85037, 356.5, 363, 356.5
08/13/2018, 356.5, 154974, 355.75, 358, 352.25
08/10/2018, 357.75, 161767, 368.5, 369.75, 357
08/09/2018, 369.25, 125872, 371, 372.75, 366.5
08/08/2018, 371.25, 100930, 370.5, 373.75, 370
08/07/2018, 370.75, 138616, 371, 373.25, 368.75
08/06/2018, 371, 64412, 370, 371.75, 368.25
08/03/2018, 369.75, 62157, 366.75, 371.25, 364.75
08/02/2018, 366.75, 142163, 365, 372.75, 364.75
08/01/2018, 365, 102097, 372, 373, 364
07/31/2018, 372.25, 118663, 367, 374.25, 366.25
07/30/2018, 367.25, 110292, 364, 369.25, 363.5
07/27/2018, 362, 114884, 361, 363.75, 359.5
07/26/2018, 361.5, 131806, 361, 365.75, 360.25
07/25/2018, 359.25, 109365, 352.25, 360, 352
07/24/2018, 352, 88389, 355.25, 356.5, 351.5
07/23/2018, 357.25, 62807, 356, 358.5, 354.5
07/20/2018, 355.25, 58739, 351.25, 355.75, 349.75
07/19/2018, 351.25, 70319, 347, 352, 345
07/18/2018, 347.25, 71391, 346.25, 349, 346
07/17/2018, 346.25, 87770, 345, 348.75, 344.25
07/16/2018, 341.75, 81258, 340, 345.75, 338.75
07/13/2018, 330.25, 272, 332.25, 332.5, 332.25
07/12/2018, 336.5, 495, 332.25, 340.75, 329.75
07/11/2018, 331.25, 1533, 336, 337, 331.5
07/10/2018, 339.75, 2668, 344.25, 344.75, 336.25
07/09/2018, 345.75, 3190, 346, 348.5, 343.25
07/06/2018, 351.75, 3068, 342, 352.25, 342
07/05/2018, 343.5, 3302, 345.5, 348.75, 342.25
07/03/2018, 342.75, 3048, 340.25, 345.25, 339.25
07/02/2018, 337.5, 7477, 352.25, 352.25, 337
06/29/2018, 350.25, 18770, 345.75, 355.5, 345.5
06/28/2018, 345, 137406, 351.5, 352.5, 344.5
06/27/2018, 352.5, 146445, 352, 356.5, 351.5
06/26/2018, 352.5, 201060, 350.5, 355.5, 348
06/25/2018, 350.5, 170790, 358.5, 359.5, 349.25
06/22/2018, 357.25, 119294, 358, 359.75, 355
06/21/2018, 357, 142241, 354.25, 359, 349.25
06/20/2018, 354.25, 176520, 354, 357, 347.5
06/19/2018, 353.75, 309734, 355.75, 357.75, 338.75
06/18/2018, 356, 20098, 355.75, 356, 349
06/15/2018, 361.25, 286175, 364.5, 368.25, 355.25
06/14/2018, 363, 339069, 374, 374.75, 362.5
06/13/2018, 376, 203129, 377.5, 379.75, 373.25
06/12/2018, 377.5, 278575, 368, 379.5, 367.25
06/11/2018, 367.25, 256339, 376.5, 379, 366.75
06/08/2018, 377.75, 155434, 376.25, 379, 373.5
06/07/2018, 376.25, 274914, 379, 382, 374.25
06/06/2018, 378.25, 207485, 384.25, 386.5, 378
06/05/2018, 383.75, 194052, 380.75, 385.25, 380
06/04/2018, 380.75, 241463, 389.75, 389.75, 380.5
06/01/2018, 391.5, 157569, 393.75, 397, 390.75
05/31/2018, 394, 174194, 393.5, 398.5, 393.25
05/30/2018, 393.5, 270492, 398.25, 398.5, 390.75
05/29/2018, 400, 223187, 408.75, 410, 397.5
05/25/2018, 406, 115699, 404, 406.75, 403.25
05/24/2018, 404.25, 222820, 408.25, 412.25, 403.75
05/23/2018, 408.5, 147575, 404.5, 409, 403
05/22/2018, 404.75, 153128, 402.25, 407, 401
05/21/2018, 402.75, 171591, 405.5, 407.5, 401.25
05/18/2018, 402.5, 171717, 395.25, 403.5, 395
05/17/2018, 395.25, 137499, 399, 402, 395
05/16/2018, 399.25, 160457, 401.75, 404.75, 398
05/15/2018, 402.25, 174030, 396.25, 402.5, 396
05/14/2018, 389, 198, 388.5, 388.75, 387.5
05/11/2018, 389.75, 497, 394, 394.75, 389.75
05/10/2018, 394.75, 604, 395.5, 399.75, 393.25
05/09/2018, 394.75, 911, 396.25, 397, 394
05/08/2018, 395.5, 2020, 392.75, 396, 391.25
05/07/2018, 393.25, 1935, 397.25, 397.25, 393.25
05/04/2018, 398.75, 2089, 399.5, 400, 397.5
05/03/2018, 399.5, 1317, 396, 399.5, 395
05/02/2018, 396, 3180, 396.25, 397.25, 395
05/01/2018, 396.75, 7154, 393, 397, 391.5
04/30/2018, 392.5, 18230, 390.75, 395.75, 390.5
04/27/2018, 389.5, 161136, 385.25, 390.5, 385.25
04/26/2018, 386, 117737, 386, 387, 384
04/25/2018, 386.5, 111722, 381, 387.25, 380.5
04/24/2018, 381.25, 79756, 378.5, 381.5, 377
04/23/2018, 378.5, 109983, 376.5, 379.25, 376.25
04/20/2018, 376.5, 135146, 381.25, 381.75, 376.25
04/19/2018, 382, 91650, 382.75, 383.5, 380.75
04/18/2018, 383, 125943, 380.75, 383.5, 380
04/17/2018, 380.25, 219351, 383, 384.5, 379.75
04/16/2018, 382.5, 158133, 385, 386.25, 382
04/13/2018, 386.25, 215301, 388.5, 389.25, 385
04/12/2018, 388.75, 180049, 386.5, 389.25, 385
04/11/2018, 387, 134577, 389.25, 390.5, 385.75
04/10/2018, 389.25, 250248, 390, 392.25, 388.5
04/09/2018, 390.75, 188118, 389.75, 392.5, 388.75
04/06/2018, 388.5, 285286, 382, 390, 382
04/05/2018, 389.5, 245265, 382, 389.5, 380.75
04/04/2018, 381, 346763, 388, 389, 372
04/03/2018, 388.5, 183381, 387, 392, 386.75
04/02/2018, 387.25, 184656, 389.25, 392.5, 387
03/29/2018, 387.75, 354830, 373.75, 389.25, 373.75
03/28/2018, 373.5, 144764, 374.25, 375, 372
03/27/2018, 374, 3975, 374.25, 375, 374.25
03/26/2018, 374, 166438, 378.5, 380.75, 373.5
03/23/2018, 377.25, 262673, 376.25, 378.25, 369.25
03/22/2018, 376, 148380, 375.5, 377.5, 374
03/21/2018, 375, 140380, 375, 375.75, 373.75
03/20/2018, 374.5, 192215, 375.25, 377, 373.25
03/19/2018, 375, 228921, 382, 382, 374.75
03/16/2018, 382.75, 142888, 386.25, 387.5, 382.5
03/15/2018, 386.75, 169290, 388.25, 390.75, 385.5
03/14/2018, 383.5, 188, 386.5, 386.5, 384.25
03/13/2018, 385.5, 2044, 383.75, 388.75, 383.5
03/12/2018, 384.25, 1455, 382.75, 384.25, 380.5
03/09/2018, 383, 2981, 385, 385.25, 382.5
03/08/2018, 385.75, 2385, 378.5, 385.75, 378
03/07/2018, 379.25, 4263, 378.75, 380.75, 378.5
03/06/2018, 379.75, 2299, 377.75, 380.25, 377.25
03/05/2018, 378.25, 8183, 376.25, 378.5, 374.75
03/02/2018, 377.25, 5914, 377.75, 380.25, 376
03/01/2018, 378.75, 8452, 374, 379, 372
02/28/2018, 374.5, 19589, 370.5, 376.75, 369.75
02/27/2018, 370.5, 227602, 368.25, 371, 367.75
02/26/2018, 368.5, 283810, 366.5, 370, 366.5
02/23/2018, 366.25, 181599, 366.25, 367.75, 365.25
02/22/2018, 366.75, 194582, 365.5, 367, 364.25
02/21/2018, 365.75, 205502, 365.75, 368.5, 364.25
02/20/2018, 365.5, 292210, 369, 370, 365.25
02/16/2018, 367.5, 172422, 368, 368.5, 366.5
02/15/2018, 367.75, 174287, 367, 368.75, 365.5
02/14/2018, 367.25, 156344, 366.5, 368.5, 364.75
02/13/2018, 366.75, 233640, 366.5, 368.5, 366
02/12/2018, 367, 236984, 365, 367, 364.25
02/09/2018, 362, 232044, 364.75, 365.5, 361.5
02/08/2018, 365.75, 300252, 365, 367.75, 364.5
02/07/2018, 365.25, 457524, 363.75, 365.75, 362.5
02/06/2018, 363.5, 220538, 358.75, 364, 356.25
02/05/2018, 358.75, 244763, 359.5, 360.75, 357.25
02/02/2018, 361.5, 184286, 361, 362.5, 359.5
02/01/2018, 361.75, 240810, 360.75, 362, 358.5
01/31/2018, 361.5, 158486, 361.5, 362, 359.5
01/30/2018, 361.5, 201240, 359.5, 362.25, 359
01/29/2018, 358.75, 159668, 356.75, 359.25, 356.75
01/26/2018, 356.5, 125362, 355, 357, 354.5
01/25/2018, 355.25, 211460, 356, 358, 354.5
01/24/2018, 356.5, 312216, 351.25, 357, 349.75
01/23/2018, 351.25, 191553, 351.75, 352, 349.5
01/22/2018, 352, 165392, 353.5, 354.5, 351.25
01/19/2018, 352.5, 134421, 351.5, 354, 351.25
01/18/2018, 351.5, 174921, 352.5, 354, 350.5
01/17/2018, 353, 217224, 348.5, 353.25, 348.25
01/16/2018, 348.25, 162141, 347.25, 349.25, 346
01/12/2018, 346.25, 195191, 348.75, 350, 345.5
01/11/2018, 348.75, 144829, 349, 350.5, 348
01/10/2018, 349, 130251, 348.75, 350, 348
01/09/2018, 349, 137800, 347.5, 350, 347.25
01/08/2018, 347.25, 256181, 350.75, 351.5, 346.75
01/05/2018, 351.25, 132909, 350.75, 352.25, 350.25
01/04/2018, 351, 165368, 353, 353.5, 350.25
01/03/2018, 353, 122048, 353, 354.75, 352.25
01/02/2018, 353.25, 136756, 351.25, 354, 350.5
12/29/2017, 350.75, 82605, 351.25, 351.5, 350.25
12/28/2017, 352, 86123, 353, 353.5, 350
12/27/2017, 353.75, 79243, 352, 354.25, 351.75
12/26/2017, 352.75, 54881, 352, 353.25, 351
12/22/2017, 352, 59841, 350.75, 352.5, 350.5
12/21/2017, 351.25, 100066, 349, 351.75, 348.5
12/20/2017, 349.25, 96803, 347.5, 349.75, 347.25
12/19/2017, 347.5, 74033, 346.75, 348.75, 346.5
12/18/2017, 347, 87115, 347.25, 348.75, 346.5
12/15/2017, 347.5, 114431, 348.75, 350.75, 346.5
12/14/2017, 336.25, 151, 337, 338, 336.75
12/13/2017, 336.75, 360, 337.25, 337.5, 336.5
12/12/2017, 335.75, 850, 336.5, 340.75, 335.25
12/11/2017, 336.5, 1050, 340, 340, 336
12/08/2017, 340, 1283, 338.5, 341.25, 338.5
12/07/2017, 338.75, 2891, 339, 340, 337.5
12/06/2017, 339.25, 5515, 339, 341.5, 337.75
12/05/2017, 339.75, 7530, 339.75, 343, 338.5
12/04/2017, 339.5, 9360, 344.75, 346, 338.75
12/01/2017, 344.75, 10212, 341.75, 345.25, 341
11/30/2017, 341.75, 25157, 339.25, 343, 337.5
11/29/2017, 339, 221851, 335.75, 340, 335.5
11/28/2017, 336.25, 163155, 339, 339.5, 335.75
11/27/2017, 338.75, 247887, 342.5, 342.5, 338.5
11/24/2017, 342.25, 138793, 344.25, 345.75, 339.75
11/22/2017, 345.25, 162558, 344.25, 347, 344
11/21/2017, 345, 230190, 344, 345.75, 342.75
11/20/2017, 345, 268004, 342.5, 345.25, 341.5
11/17/2017, 343, 337543, 336.5, 343.5, 336.5
11/16/2017, 336.5, 168495, 338.25, 339, 336.25
11/15/2017, 338.25, 201802, 337.25, 339, 337
11/14/2017, 337.5, 202124, 342, 342.25, 337.25
11/13/2017, 342.25, 256489, 343.5, 344, 341.5
11/10/2017, 343.5, 320430, 341.75, 344, 341
11/09/2017, 341.5, 445053, 347.5, 349.75, 340.75
11/08/2017, 348.25, 189086, 347.5, 349, 345.75
11/07/2017, 347.75, 259207, 347.75, 348.25, 346.25
11/06/2017, 348, 188696, 348.5, 350.25, 347.75
11/03/2017, 348.25, 188296, 350.25, 351, 347.5
11/02/2017, 350.5, 148487, 347.75, 352, 347.5
11/01/2017, 348.25, 198152, 345.75, 349.25, 345.25
10/31/2017, 345.75, 157414, 348, 348.75, 345.5
10/30/2017, 348.75, 104509, 348.5, 349.75, 347.25
10/27/2017, 348.75, 146233, 350.25, 350.25, 347.5
10/26/2017, 350.5, 134492, 350.75, 352, 349.5
10/25/2017, 351, 185193, 352.5, 355.25, 350.5
10/24/2017, 352.75, 199055, 351, 353, 349.5
10/23/2017, 351.25, 238837, 344.25, 351.75, 343
10/20/2017, 344.5, 179875, 349, 350, 344.25
10/19/2017, 349, 117908, 348.75, 351.5, 348.5
10/18/2017, 348.5, 118864, 350.25, 350.5, 347.75
10/17/2017, 350, 123109, 350.25, 351.75, 348.5
10/16/2017, 350.5, 128826, 352.75, 353.25, 349.75
10/13/2017, 352.75, 142469, 348.5, 353.5, 348.25
10/12/2017, 349, 320529, 346, 354, 342.5
10/11/2017, 346, 147560, 348.75, 349, 345.5
10/10/2017, 349.25, 99239, 349, 351.25, 348.25
10/09/2017, 349.5, 99967, 350.5, 351.75, 348
10/06/2017, 350, 129778, 349.25, 351, 348.5
10/05/2017, 349.5, 104644, 348.25, 351.25, 347.5
10/04/2017, 348.25, 159849, 349.25, 349.5, 346
10/03/2017, 349.5, 174928, 351.5, 351.5, 348.75
10/02/2017, 351.5, 171081, 354.75, 356.25, 351
09/29/2017, 355.25, 224611, 352.25, 358, 350
09/28/2017, 352.5, 118768, 353.25, 353.75, 350.5
09/27/2017, 354, 172892, 352, 354.5, 348.5
09/26/2017, 352.25, 155862, 352.75, 355.5, 351.5
09/25/2017, 353.75, 97453, 352.75, 355, 351.25
09/22/2017, 353.5, 127979, 349.75, 356.25, 349.5
09/21/2017, 350.25, 82977, 349.5, 351.25, 348.5
09/20/2017, 350, 102116, 348, 351.5, 347.25
09/19/2017, 348.25, 146095, 351, 353.25, 346.5
09/18/2017, 351.5, 99550, 353.25, 355.5, 350.5
09/15/2017, 354.75, 109791, 353.5, 355.5, 352.5
09/14/2017, 341.75, 48, 343.25, 343.25, 343.25
09/13/2017, 338.5, 246, 339.5, 344.25, 339.25
09/12/2017, 340, 447, 346, 346, 336
09/11/2017, 345.5, 754, 345.25, 346.5, 342.75
09/08/2017, 344.25, 775, 342.25, 345.5, 342.25
09/07/2017, 341.75, 1744, 346.75, 346.75, 341.75
09/06/2017, 347, 2849, 343.75, 347.25, 342
09/05/2017, 344.25, 4571, 343.25, 345.75, 341.25
09/01/2017, 340, 7646, 341.5, 345.5, 338
08/31/2017, 342.25, 14093, 329.25, 342.75, 328.5
08/30/2017, 329.5, 152717, 333, 334, 329
08/29/2017, 333.5, 114056, 335.5, 336, 332
08/28/2017, 336, 90976, 338.75, 340.25, 335.5
08/25/2017, 338.75, 108943, 342, 342.75, 338
08/24/2017, 342, 87962, 341.5, 342.75, 340.25
08/23/2017, 342, 71293, 346.25, 348.75, 341.5
08/22/2017, 346, 103780, 349, 351, 346
08/21/2017, 349, 84479, 350.5, 350.75, 346.5
08/18/2017, 352, 124737, 350, 352.5, 349.75
08/17/2017, 350.5, 75625, 352.5, 353.75, 349.5
08/16/2017, 352.5, 141711, 355, 356.75, 349.25
08/15/2017, 355.25, 97075, 361, 361, 354
08/14/2017, 362.75, 82371, 358.75, 363, 356
08/11/2017, 360.75, 106806, 358.75, 361.5, 357.25
08/10/2017, 357.25, 295092, 371.75, 375.5, 356.5
08/09/2017, 372.25, 155079, 369, 372.5, 368.75
08/08/2017, 369.75, 154908, 372.5, 374.25, 368.25
08/07/2017, 372.25, 120452, 368.75, 372.5, 368.25
08/04/2017, 366.5, 87613, 363.5, 368, 363.25
08/03/2017, 363.5, 143599, 365, 367.25, 361.25
08/02/2017, 365, 78624, 364.5, 367.25, 363.75
08/01/2017, 362.5, 92409, 369.25, 371.5, 362
07/31/2017, 370.75, 66954, 371, 372.25, 367.5
07/28/2017, 374.25, 59070, 373.75, 377, 373
07/27/2017, 374.25, 67012, 374, 377.25, 373
07/26/2017, 372.75, 92313, 368.5, 373.25, 366
07/25/2017, 368.75, 105744, 382, 383.75, 368.5
07/24/2017, 377.25, 112934, 375.5, 377.5, 371
07/21/2017, 379.75, 130249, 390.5, 391, 378.5
07/20/2017, 391, 131810, 382.5, 393.25, 380.5
07/19/2017, 382.5, 128371, 376.5, 389, 374.25
07/18/2017, 377, 140024, 380.75, 388.75, 375.25
07/17/2017, 375, 102548, 375.75, 378.75, 370.5
07/14/2017, 376.25, 132, 369, 369, 369
07/13/2017, 361, 501, 369, 376.25, 360
07/12/2017, 376.25, 898, 388, 391.25, 376
07/11/2017, 392.25, 1711, 393.25, 394.5, 387
07/10/2017, 391.75, 1412, 387.75, 392.25, 387.75
07/07/2017, 382.25, 2865, 379, 386.75, 378.25
07/06/2017, 380.25, 4854, 380, 381.25, 375
07/05/2017, 381.75, 7379, 379.5, 383.25, 374.75
07/03/2017, 378, 10155, 373.25, 385.25, 373
06/30/2017, 370.5, 22999, 364, 372.5, 359.5
06/29/2017, 359.75, 159167, 360, 362.25, 356.25
06/28/2017, 356.75, 196726, 355.5, 360.5, 356.75
06/27/2017, 359.25, 188447, 359, 364.25, 359.25
06/26/2017, 359, 184341, 359, 361.75, 357.25
06/23/2017, 357.75, 224348, 358.25, 364.75, 356.5
06/22/2017, 362.75, 161284, 362.5, 369.25, 362.5
06/21/2017, 368.75, 143466, 368.5, 373.5, 368.25
06/20/2017, 370, 182300, 370, 377.5, 369.25
06/19/2017, 375.25, 215498, 375.5, 381.5, 375.25
06/16/2017, 384, 194053, 383.75, 384.5, 377
06/15/2017, 379.5, 253445, 377.5, 382, 370
06/14/2017, 377, 183900, 376.5, 385, 376.75
06/13/2017, 381, 213077, 381, 383.75, 377.5
06/12/2017, 377.25, 333169, 377, 387.25, 376.25
06/09/2017, 387.75, 240618, 387.25, 389.5, 380.75
06/08/2017, 385.75, 369203, 384.5, 391.75, 384.25
06/07/2017, 384.75, 482695, 385, 387, 378.25
06/06/2017, 377.25, 238289, 378, 379.75, 371.25
06/05/2017, 373, 176356, 372.75, 375.5, 372
06/02/2017, 372.75, 114144, 371.75, 374.75, 369.5
06/01/2017, 370.5, 161024, 370, 373.75, 367.5
05/31/2017, 372, 243760, 371, 376.5, 369
05/30/2017, 367, 190405, 367, 373.75, 366.25
05/26/2017, 374.25, 113520, 374, 374.75, 368.75
05/25/2017, 369.25, 99871, 369.25, 373, 368.75
05/24/2017, 371.25, 90276, 371, 371.5, 368.75
05/23/2017, 369.5, 168280, 370, 375.75, 369
05/22/2017, 375, 159786, 375, 377.5, 371.75
05/19/2017, 372.5, 190621, 371.75, 373, 366
05/18/2017, 366, 184740, 366, 371.5, 364.25
05/17/2017, 371.5, 133085, 371, 372.25, 366.25
05/16/2017, 367.75, 104377, 367.25, 368.75, 365.25
05/15/2017, 367.75, 109353, 367.5, 371.75, 367.25
05/12/2017, 371, 205, 361, 362, 360
05/11/2017, 360.5, 340, 363.25, 364.25, 360.25
05/10/2017, 365.25, 1015, 358.75, 365, 358.25
05/09/2017, 358.25, 1631, 358.25, 360.5, 357.25
05/08/2017, 356.75, 1897, 360.5, 360.5, 356.5
05/05/2017, 361.75, 2388, 359, 365.5, 359
05/04/2017, 358, 2961, 367, 367.5, 357.5
05/03/2017, 366.25, 4165, 363.5, 367.5, 362.25
05/02/2017, 364, 4395, 357, 369.75, 362.25
05/01/2017, 369.25, 8976, 365, 370.5, 361.75
04/28/2017, 358, 30659, 363, 361.25, 355.5
04/27/2017, 362, 133484, 360.75, 364, 358.5
04/26/2017, 359, 172059, 359, 367.25, 358.25
04/25/2017, 365, 156080, 363, 368.25, 356.25
04/24/2017, 359.25, 124732, 359.25, 360.5, 356.25
04/21/2017, 357, 159992, 357, 358.75, 354.25
04/20/2017, 357.75, 149584, 357.25, 363.75, 357.25
04/19/2017, 361.75, 164525, 361.25, 365.25, 360.5
04/18/2017, 361.75, 172137, 361, 368, 360.75
04/17/2017, 366.5, 125614, 366.75, 372, 365.5
04/13/2017, 371, 235728, 370.75, 373, 368.5
04/12/2017, 369, 202294, 368.75, 371.5, 366.25
04/11/2017, 366.5, 227008, 366.5, 369, 362.25
04/10/2017, 367, 191561, 365, 367, 359
04/07/2017, 359.5, 199932, 360, 361.75, 357.25
04/06/2017, 360.75, 115559, 360.25, 365.5, 360
04/05/2017, 364.75, 124454, 364.25, 365.75, 361.5
04/04/2017, 363, 140591, 363, 369.75, 362.75
04/03/2017, 367.75, 211917, 367, 371.75, 365.5
03/31/2017, 364.25, 285282, 364, 366.75, 355
03/30/2017, 357.5, 89553, 357.5, 358.75, 356.75
03/29/2017, 358.5, 125610, 358, 360.75, 356.5
03/28/2017, 357.75, 105630, 356.75, 358.75, 355.75
03/27/2017, 355.75, 131405, 355.75, 358.25, 354.25
03/24/2017, 356.25, 101102, 356.25, 358, 355.25
03/23/2017, 356.75, 115146, 357, 359.75, 356.25
03/22/2017, 358.75, 125392, 358.25, 361.75, 358.25
03/21/2017, 361.25, 143182, 361, 364, 359.25
03/20/2017, 363.5, 134208, 363.25, 370.75, 363
03/17/2017, 367.5, 82555, 367.25, 367.75, 364.5
03/16/2017, 366, 102119, 366, 367, 363.5
03/15/2017, 363.5, 97601, 363.5, 364.75, 362
03/14/2017, 353.75, 518, 354, 358.25, 353
03/13/2017, 354.5, 1637, 356.5, 358.75, 353.5
03/10/2017, 358, 1739, 359, 360.25, 356
03/09/2017, 359.75, 1999, 365, 366.5, 359.25
03/08/2017, 365.25, 7048, 368.25, 370.25, 365
03/07/2017, 369.5, 4250, 373, 373.25, 367.5
03/06/2017, 372.75, 3515, 376, 377, 371
03/03/2017, 374.75, 3778, 374.25, 375.5, 371.25
03/02/2017, 372.75, 10551, 372.75, 375.75, 370.5
03/01/2017, 375.75, 10739, 369.25, 376, 365.75
02/28/2017, 366.75, 39898, 367, 378.75, 361.25
02/27/2017, 360.25, 208153, 360.25, 365.5, 359.5
02/24/2017, 364, 181299, 365, 366.75, 362.5
02/23/2017, 365.5, 151685, 366, 371.75, 365.25
02/22/2017, 371, 118896, 370.75, 372.75, 369.25
02/21/2017, 369.25, 160749, 369.25, 370.75, 366.5
02/17/2017, 368.25, 176898, 368.5, 373.25, 368
02/16/2017, 368.25, 176898, 368.75, 373.25, 368
02/15/2017, 373.5, 187980, 373.5, 380, 373
02/14/2017, 378.75, 206588, 378, 379, 371.75
02/13/2017, 374.25, 162429, 374, 375.25, 373
02/12/2017, 375.5, 216838, 375, 376.75, 371.75
02/10/2017, 374.5, 233920, 374, 375.5, 368.5
02/09/2017, 369.5, 278720, 368.5, 372.75, 367.5
02/08/2017, 370.75, 187851, 369.75, 371, 366.5
02/07/2017, 368.5, 173207, 368.25, 369, 362.5
02/06/2017, 363.75, 109510, 363.75, 368.75, 362.5
02/03/2017, 365.25, 115702, 365.25, 367.75, 364
02/02/2017, 367.5, 144008, 367, 369.75, 366.25
02/01/2017, 368.25, 221378, 367.25, 368.5, 358
01/31/2017, 359.75, 127131, 359.5, 361.25, 357.75
01/30/2017, 357.75, 162181, 358, 361.75, 355.75
01/27/2017, 362.5, 114628, 362.75, 364.25, 360.5
01/26/2017, 363.75, 101483, 363, 366.75, 362
01/25/2017, 366.25, 130743, 365.75, 366.75, 361
01/24/2017, 363.25, 181890, 363, 371, 362.25
01/23/2017, 369.5, 129800, 369.5, 370, 367.5
01/20/2017, 369.75, 189008, 369, 370, 365
01/19/2017, 366.25, 156137, 366, 367.5, 362.75
01/18/2017, 365, 194790, 364.25, 367.75, 362.75
01/17/2017, 365.5, 299063, 364.5, 366.5, 358.5
01/13/2017, 358.5, 153287, 358, 359.5, 355.25
01/12/2017, 358.25, 244933, 358, 360, 353
01/11/2017, 357.25, 191240, 357, 358.25, 352
01/10/2017, 358.25, 115352, 357.75, 359.5, 357.25
01/09/2017, 360, 164200, 359.5, 360.75, 355.25
01/06/2017, 358, 150425, 358, 362.5, 356.75
01/05/2017, 361.25, 178734, 361, 362.75, 358.5
01/04/2017, 359.75, 155129, 359.5, 360, 354.75
01/03/2017, 355.75, 158650, 355.25, 358.5, 351.5
12/30/2016, 352, 99748, 351.5, 353, 347.75
12/29/2016, 349.75, 78856, 349.5, 351, 347.5
12/28/2016, 348.25, 108944, 348, 354.75, 347.25
12/27/2016, 355, 117382, 354.5, 356, 346.25
12/23/2016, 345.75, 73262, 346.75, 347.75, 345.5
12/22/2016, 347.25, 86442, 347, 348, 346
12/21/2016, 347.25, 93326, 347.5, 351.25, 346.75
12/20/2016, 350.25, 93937, 350, 353.75, 349.25
12/19/2016, 353.25, 83008, 353, 356.75, 351.5
12/16/2016, 356.25, 102543, 356.5, 359, 353.5
12/15/2016, 356.5, 126324, 356.25, 363, 356.25
12/14/2016, 362, 1367, 355.25, 359, 353.5
12/13/2016, 356.25, 1367, 355.25, 359, 353.5
12/12/2016, 354.5, 1998, 351, 355, 349.75
12/09/2016, 352.5, 1723, 349, 352.5, 344.5
12/08/2016, 346.5, 1914, 350.75, 352.75, 344.25
12/07/2016, 350.5, 2348, 348.75, 351, 347.25
12/06/2016, 351, 2465, 350.25, 354, 348.25
12/05/2016, 349.5, 3841, 337.5, 350, 337.5
12/02/2016, 337.5, 7342, 332.75, 338, 332.75
12/01/2016, 331.75, 8482, 336.75, 338.25, 331
11/30/2016, 336.75, 31074, 336.25, 341.75, 336
11/29/2016, 336.75, 176021, 335.5, 348.25, 335.5
11/28/2016, 348.5, 178026, 348, 353, 346.75
11/25/2016, 349.25, 146522, 349.75, 350.75, 348.5
11/24/2016, 350.75, 152562, 350, 351, 346.5
11/23/2016, 350.75, 152562, 350, 351, 346.5
11/22/2016, 351, 161989, 350, 351.75, 346
11/21/2016, 349.75, 142810, 349, 350, 344.75
11/18/2016, 345.5, 151473, 345.75, 346.75, 340.5
11/17/2016, 342, 169591, 342, 343.5, 338.25
11/16/2016, 338.5, 125827, 339.25, 343.5, 338.5
11/15/2016, 341.5, 173657, 341.5, 342.25, 335.75
11/14/2016, 337.25, 165800, 337, 341, 335.5
11/11/2016, 340.25, 185910, 340.5, 345, 339
11/10/2016, 343.5, 242274, 343, 346.5, 340.25
11/09/2016, 340.75, 298670, 341.25, 355, 340.5
11/08/2016, 354.25, 317148, 353, 356.5, 345
11/07/2016, 346.25, 173850, 346, 349.5, 345
11/04/2016, 348.75, 108935, 347.5, 349.75, 345.5
11/03/2016, 348, 123458, 348, 348.75, 345
11/02/2016, 346.25, 202995, 346.5, 350.5, 344.25
11/01/2016, 349, 199043, 348.75, 354.75, 347.25
10/31/2016, 354.75, 153915, 354.25, 358, 352.25
10/28/2016, 355, 109665, 355, 358.25, 354.25
10/27/2016, 357.5, 182647, 357, 358.5, 352.25
10/26/2016, 354, 153884, 354, 355.75, 349
10/25/2016, 349.25, 111220, 349.5, 352.25, 347.25
10/24/2016, 348.25, 141504, 347.75, 354.5, 346.25
10/21/2016, 352.5, 104711, 351.75, 354.25, 350.5
10/20/2016, 351, 160824, 351.75, 359.25, 349.25
10/19/2016, 357.5, 153689, 357.5, 358, 351
10/18/2016, 353.75, 130050, 354, 357.5, 351.5
10/17/2016, 354, 136378, 354, 357.75, 350.25
10/14/2016, 354.25, 260828, 353, 358.75, 348.75
10/13/2016, 349.5, 205775, 349, 349.75, 337.25
10/12/2016, 337, 202555, 337.5, 348.5, 336.5
10/11/2016, 345.5, 137172, 345, 347, 341
10/10/2016, 343.25, 102108, 342.75, 344.25, 339.25
10/07/2016, 339.75, 163334, 339.5, 344.75, 339.5
10/06/2016, 340.5, 169206, 340.5, 347.75, 338.5
10/05/2016, 347.75, 129279, 347, 349.25, 345.25
10/04/2016, 348.25, 143473, 347.75, 349, 343.5
10/03/2016, 346, 218596, 345.5, 347.75, 335.25
09/30/2016, 336.75, 243769, 336, 337.5, 325
09/29/2016, 329.25, 106191, 329, 333.5, 328
09/28/2016, 329.25, 96550, 329.25, 332.5, 328.75
09/27/2016, 331.75, 137152, 331.25, 332.5, 327.25
09/26/2016, 329, 147822, 329, 336.5, 328.5
09/23/2016, 336.5, 138018, 335.75, 338.5, 333.75
09/22/2016, 336.75, 112766, 336.25, 341.5, 334.75
09/21/2016, 340, 91916, 339.75, 341, 338
09/20/2016, 340.5, 116501, 340, 342.25, 335
09/19/2016, 337.25, 128816, 336.5, 340, 332.25
09/16/2016, 337, 149706, 336, 338.25, 327.5
09/15/2016, 330, 121819, 329, 334.75, 327.5
09/14/2016, 331.75, 709, 329.25, 330, 320.25
09/13/2016, 319.25, 709, 329.25, 330, 320.25
09/12/2016, 329.25, 1200, 329.25, 330.25, 326
09/09/2016, 330, 748, 324.75, 330.5, 323.75
09/08/2016, 327, 1475, 322, 326.75, 322
09/07/2016, 321, 2424, 316.25, 322, 315
09/06/2016, 316.75, 2437, 313.5, 317.25, 312.5
09/02/2016, 316.75, 3337, 311, 317.75, 311
09/01/2016, 316.5, 3337, 311, 317.75, 311
08/31/2016, 311, 11373, 305, 311.5, 301.75
08/30/2016, 301.5, 23760, 302, 307.25, 301
08/29/2016, 304, 123102, 304, 312.75, 303.5
08/28/2016, 311.75, 111379, 312, 318.75, 310.75
08/26/2016, 311.75, 73781, 316, 325.25, 315.75
08/25/2016, 316.25, 73781, 316, 325.25, 315.75
08/24/2016, 323.5, 73826, 323, 328.5, 322.25
08/23/2016, 327.5, 59855, 327, 330.5, 325.5
08/22/2016, 328.5, 62240, 328.25, 333, 326.5
08/21/2016, 333.25, 58854, 332.5, 334.5, 330.5
08/19/2016, 333.25, 75930, 332.5, 334.75, 330
08/18/2016, 334.25, 75930, 332.5, 334.75, 330
08/17/2016, 332, 62512, 331.75, 333, 326.5
08/16/2016, 330.25, 90626, 330.25, 330.75, 327
08/15/2016, 327.5, 63282, 327.5, 329, 324.25
08/14/2016, 326.5, 62331, 326.25, 329, 321
08/12/2016, 326.5, 130151, 320.25, 323, 312
08/11/2016, 322.25, 104000, 320.5, 323.75, 320.5
08/10/2016, 321, 104000, 320.5, 323.75, 320.5
08/09/2016, 322.5, 128910, 322, 325.5, 321.25
08/08/2016, 322.25, 95944, 322.5, 326.75, 322
08/07/2016, 325.25, 127263, 325.5, 328, 322.5
08/05/2016, 325.25, 117937, 324, 325, 320
08/04/2016, 324.25, 117937, 324, 325, 320
08/03/2016, 320.75, 70921, 320.5, 326.75, 320.5
08/02/2016, 325, 74406, 325, 328.75, 322.25
08/01/2016, 324.25, 99672, 322, 327.5, 319.5
07/31/2016, 325.75, 71733, 325.75, 333.75, 325.5
07/29/2016, 325.75, 88267, 333.75, 335, 328.75
07/28/2016, 334.5, 88267, 333.75, 335, 328.75
07/27/2016, 331.25, 71896, 331, 338.5, 329
07/26/2016, 335.75, 69348, 334.75, 338, 331.75
07/25/2016, 332.5, 77809, 332.75, 336.5, 331
07/24/2016, 334.75, 71073, 334.5, 338.25, 330.25
07/22/2016, 334.75, 90173, 334, 336.75, 326.75
07/21/2016, 335, 90173, 334, 336.75, 326.75
07/20/2016, 334.25, 81204, 334.25, 341.75, 332.75
07/19/2016, 337.5, 97473, 338, 346.5, 335
07/18/2016, 341.75, 76193, 344.75, 356.5, 341.5
07/17/2016, 357, 76202, 357, 357.5, 348.25
07/15/2016, 357, 94795, 352.25, 361, 343
07/14/2016, 352.25, 223, 369.5, 374.5, 360
07/13/2016, 357.75, 673, 353, 372.75, 348.5
07/12/2016, 349.75, 388, 343, 350.25, 339.75
07/11/2016, 343.75, 1164, 353.75, 354.75, 341.75
07/08/2016, 349.75, 1158, 337.25, 349, 336.75
07/07/2016, 335.5, 2451, 338.5, 348, 334.5
07/06/2016, 335.75, 4133, 344.75, 346.5, 333
07/05/2016, 344, 4662, 348, 350.5, 333.75
07/01/2016, 353, 6565, 357.25, 361.5, 352
06/30/2016, 358.75, 35074, 374, 377.5, 355.75
06/29/2016, 372.75, 87901, 372, 387.25, 372.25
06/28/2016, 385.25, 94415, 384.75, 398.25, 382.5
06/27/2016, 385.25, 88474, 389.5, 392, 383
06/24/2016, 384.5, 146844, 376.25, 390, 373.5
06/23/2016, 387.25, 132071, 387.25, 392.75, 384
06/22/2016, 393, 177171, 393, 401, 392.25
06/21/2016, 396.25, 259718, 397, 422.25, 396.25
06/20/2016, 421.25, 189374, 421, 435.75, 420.5
06/17/2016, 437.75, 166751, 437.5, 438.25, 423.5
06/16/2016, 425.25, 182612, 425.25, 429.75, 420.5
06/15/2016, 429, 175244, 429.25, 439, 428.5
06/14/2016, 436.5, 219399, 436, 436.75, 423.5
06/13/2016, 430, 279636, 429.25, 438, 427.5
06/10/2016, 423, 270454, 424, 437, 420
06/09/2016, 426.5, 240043, 427, 430.25, 423.25
06/08/2016, 431.25, 318447, 428.5, 439.25, 426.5
06/07/2016, 427.75, 246313, 427.5, 428, 422.5
06/06/2016, 427.25, 204284, 427, 427.5, 419.25
06/03/2016, 418.25, 168767, 418, 419.25, 410.5
06/02/2016, 415.25, 208340, 413.5, 419.5, 412.5
06/01/2016, 413.75, 186024, 413, 414, 401
05/31/2016, 404.75, 186137, 404, 413, 404
05/27/2016, 412.75, 163672, 412.25, 413.5, 406.5
05/26/2016, 408.25, 206335, 408, 409.25, 400
05/25/2016, 404.75, 154498, 404, 405, 395.75
05/24/2016, 397.5, 149817, 396.75, 403.25, 394.5
05/23/2016, 397.75, 145355, 397.75, 399.25, 391
05/20/2016, 394.5, 170599, 394.25, 396.75, 389
05/19/2016, 390, 219581, 390, 397.75, 385.5
05/18/2016, 399.5, 173978, 397.25, 400.5, 394
05/17/2016, 397, 179590, 397, 398, 391.75
05/16/2016, 394, 154138, 392.5, 394.25, 386.25
05/13/2016, 390.75, 285, 380.25, 385.5, 380.25
05/12/2016, 385.25, 781, 374.75, 386, 374.5
05/11/2016, 374, 1093, 378, 381, 371.75
05/10/2016, 378.5, 841, 367.75, 383, 367
05/09/2016, 367.75, 1007, 379.5, 379.5, 367
05/06/2016, 376, 1521, 372.25, 377.5, 372.25
05/05/2016, 371.75, 2438, 374.5, 376.75, 368.5
05/04/2016, 373.25, 9837, 376.5, 377.5, 372.5
05/03/2016, 378.25, 5385, 389.5, 393.5, 375.75
05/02/2016, 390.25, 7711, 388.75, 391, 383.5
04/29/2016, 390.25, 19306, 391.5, 392, 385
04/28/2016, 387, 63802, 385, 390.75, 378.75
04/27/2016, 380.75, 64712, 380, 382.75, 377
04/26/2016, 382.25, 81786, 382, 383, 374
04/25/2016, 377, 88662, 375.25, 385, 368.5
04/22/2016, 371.75, 152162, 371.75, 384.25, 370.5
04/21/2016, 384.5, 175360, 383.25, 402, 383.25
04/20/2016, 394.75, 205105, 395.75, 395.5, 383.25
04/19/2016, 384.5, 262913, 384, 386, 380
04/18/2016, 381, 208559, 379, 384, 375
04/15/2016, 378.5, 281613, 377.5, 380.5, 372
04/14/2016, 374, 277581, 373, 374.5, 369.75
04/13/2016, 373.5, 368846, 373, 374.75, 363
04/12/2016, 362.75, 320145, 361, 365.5, 356.75
04/11/2016, 356.75, 230500, 356.75, 362.25, 356
04/08/2016, 362.25, 205697, 361.75, 362.75, 359
04/07/2016, 361.5, 254644, 361.25, 362, 357.5
04/06/2016, 358, 159620, 358, 359, 355
04/05/2016, 356.75, 192268, 356.5, 357, 353.5
04/04/2016, 354.5, 168371, 353.75, 355, 350.75
04/01/2016, 354, 249214, 354, 354.5, 347.25
03/31/2016, 351.5, 501024, 351.5, 367.25, 347.5
03/30/2016, 367, 194110, 367, 374, 366.75
03/29/2016, 373, 149699, 372, 373, 368.5
03/28/2016, 370.5, 118085, 370.5, 372, 367.75
03/24/2016, 370, 130500, 370, 370.25, 367.25
03/23/2016, 368.5, 116948, 368.5, 370, 366
03/22/2016, 370, 138757, 369.75, 371.75, 368.75
03/21/2016, 369.5, 99786, 369, 370, 365.75
03/18/2016, 367, 87737, 366.75, 369.25, 366
03/17/2016, 368.5, 185594, 367.5, 372, 366.5
03/16/2016, 368.5, 95523, 368, 368.5, 366
03/15/2016, 368.25, 100363, 367.5, 369.25, 366.25
03/14/2016, 364.5, 387, 364.75, 367.75, 364.25
03/11/2016, 366, 1779, 362.5, 366.25, 362.25
03/10/2016, 362.5, 773, 365, 363, 357.75
03/09/2016, 359, 1744, 358.25, 360, 356
03/08/2016, 358.75, 1194, 354.5, 361, 354.25
03/07/2016, 355, 1174, 355, 358.5, 354.5
03/04/2016, 354.5, 2248, 354, 357.75, 353.5
03/03/2016, 353.75, 4021, 355.5, 355.5, 351.75
03/02/2016, 354.5, 2201, 354, 355.5, 352.5
03/01/2016, 353.75, 10558, 353.75, 355, 353
02/29/2016, 353.5, 21576, 353.5, 357, 353
02/26/2016, 354.5, 113427, 354.5, 356.25, 352.5
02/25/2016, 355.5, 125257, 355.25, 361.5, 355
02/24/2016, 359.75, 139649, 359, 362.75, 358.75
02/23/2016, 362, 103308, 362, 367.25, 361.5
02/22/2016, 367.5, N/A, 367.5, 367.5, 367.5
02/19/2016, 365.5, 178432, 365, 367.5, 364.75
02/18/2016, 365.5, 214234, 365, 368, 365.25
02/17/2016, 367.25, 146548, 367, 367.5, 362
02/16/2016, 363, N/A, 363, 363, 363
02/12/2016, 358.75, 169831, 359, 362, 358.25
02/11/2016, 360.25, N/A, 360.25, 360.25, 360.25
02/10/2016, 360.25, N/A, 360.25, 360.25, 360.25
02/09/2016, 361, 240991, 361, 362.75, 359.25
02/08/2016, 362.25, N/A, 361.75, 362.25, 362.25
02/05/2016, 365.75, 211533, 365.75, 369.5, 365.5
02/04/2016, 368.5, N/A, 368.5, 368.5, 368.5
02/03/2016, 371, 143070, 371, 373.25, 370.25
02/02/2016, 372.5, 190795, 372.25, 373.75, 369
02/01/2016, 371.25, 129483, 371, 371.75, 367.75
01/29/2016, 372, 201077, 371, 372.5, 365
01/28/2016, 365.5, 166085, 365, 370.25, 365
01/27/2016, 369.25, 165294, 369, 371, 367.5
01/26/2016, 369.25, 156481, 368.75, 372, 367
01/25/2016, 369.75, 141452, 369.5, 372.5, 368
01/22/2016, 370.25, 154634, 369, 371.5, 366.5
01/21/2016, 367, 231438, 366.25, 372, 365.5
01/20/2016, 368.75, 180893, 368.5, 369.25, 365.25
01/19/2016, 367.75, 204664, 367.5, 369.5, 364
01/15/2016, 363.25, 169959, 363, 363.5, 356
01/14/2016, 358, 151882, 357.5, 360.25, 355.5
01/13/2016, 358, N/A, 358, 358, 358
01/12/2016, 356.75, 279985, 356, 363.75, 349.5
01/11/2016, 351.75, 160604, 351.75, 357.25, 349.5
01/08/2016, 357, 166521, 356.75, 357.75, 352.75
01/07/2016, 353, 137217, 353, 354.25, 348.5
01/06/2016, 353.25, 124631, 353.25, 354.75, 350.25
01/05/2016, 353, 131960, 353, 356, 351.75
01/04/2016, 351.5, 170742, 352, 360, 350.5
12/31/2015, 358.75, 68098, 358.25, 360.25, 357.5
12/30/2015, 50.5, 9444, 362.5, 363.75, 362.25
12/29/2015, 362.5, 112101, 361.5, 363, 357
12/28/2015, 361, 89773, 361, 365.5, 360.5
12/24/2015, 364.5, 51661, 365.5, 365.75, 363.5
12/23/2015, 365.5, 85671, 365, 367.75, 364.5
12/22/2015, 372, N/A, 372, 372, 372
12/21/2015, 372, 1843, 372, 373, 371.5
12/18/2015, 374.5, 170593, 374.5, 379.5, 372.75
12/17/2015, 374.25, 257355, 374.75, 375, 362.5
12/16/2015, 369.75, 148573, 370.25, 377.75, 369.25
12/15/2015, 377.25, 91641, 376.75, 379.5, 375.75
12/14/2015, 381.75, 903, 373.5, 381.75, 373.5
12/11/2015, 373, 2028, 378.5, 378.75, 372.75
12/10/2015, 377.25, 2543, 373.5, 379.25, 371.75
12/09/2015, 371.75, 3217, 371.75, 376.75, 368.5
12/08/2015, 370, 2947, 370.5, 371, 367.25
12/07/2015, 368.5, 3271, 375.75, 376, 368
12/04/2015, 376.25, 4819, 370, 376.5, 369.75
12/03/2015, 370.25, 11024, 363.75, 371.25, 361.25
12/02/2015, 364, 4274, 367, 367, 363.5
12/01/2015, 367, 9512, 367.75, 368.75, 364.5
11/30/2015, 365, 31892, 366, 366, 359.25
11/27/2015, 359.25, 69852, 365.25, 365.75, 358.75
11/25/2015, 366, 126550, 365, 366.5, 364
11/24/2015, 364.25, 137095, 365, 367.25, 364
11/23/2015, 367.25, 149963, 369, 367.5, 360
11/20/2015, 363.25, 168915, 363, 366.5, 362
11/19/2015, 364.25, 152262, 363, 365.5, 360.25
11/18/2015, 361.75, 218583, 361.5, 364.25, 358.5
11/17/2015, 362, 169656, 362, 362.5, 358.25
11/16/2015, 360, 121073, 360, 360.75, 357.25
11/13/2015, 358.25, 153132, 358, 362.25, 358
11/12/2015, 362, 238919, 361.5, 363.5, 359.25
11/11/2015, 362.25, 247137, 362, 363.5, 359.5
11/10/2015, 359, 406435, 359, 367.75, 356
11/09/2015, 366.75, 269080, 366.75, 375.5, 366.5
11/06/2015, 373, 198884, 373, 375.25, 370
11/05/2015, 374.5, 224226, 374, 379.75, 373.75
11/04/2015, 380.5, 221777, 380, 383.5, 376.5
11/03/2015, 380.5, 233026, 380, 382.25, 375.75
11/02/2015, 376.5, 157832, 376.5, 381.75, 376
10/30/2015, 382.25, 135612, 382, 383.75, 378.75
10/29/2015, 380, 132993, 379.5, 380.5, 375.5
10/28/2015, 376, 139284, 376.75, 380.75, 375.75
10/27/2015, 380, 194327, 380, 387.5, 379
10/26/2015, 384.5, 183706, 384.5, 385.75, 378
10/23/2015, 379.75, 159642, 379, 380, 375
10/22/2015, 378.25, 119373, 378, 383.5, 377.5
10/21/2015, 380.75, 195223, 380, 381, 375.5
10/20/2015, 376.75, 154070, 377, 377.75, 372
10/19/2015, 373, 107591, 372.75, 377.5, 372.5
10/16/2015, 376.75, 130516, 377, 378, 372.5
10/15/2015, 375.5, 113947, 375.5, 379.5, 375
10/14/2015, 379, 127521, 378.5, 386.75, 378.5
10/13/2015, 384.5, 134285, 384, 384.75, 379
10/12/2015, 380.75, 123792, 380.75, 385.25, 380.25
10/09/2015, 382.75, 252355, 382.75, 394.25, 381.5
10/08/2015, 391.25, 118254, 391, 395.75, 390.5
10/07/2015, 395.75, 136004, 395, 399.75, 393.75
10/06/2015, 398.25, 179472, 398, 399, 391.75
10/05/2015, 393.5, 103726, 393.25, 394, 388.75
10/02/2015, 389.25, 151911, 388.75, 391.5, 384
10/01/2015, 388.75, 122877, 387.75, 393, 385
09/30/2015, 387.75, 252532, 388, 394.5, 383.5
09/29/2015, 389, 117311, 389, 389.5, 385
09/28/2015, 386.75, 127401, 387, 392.5, 383.75
09/25/2015, 389, 128342, 388.5, 389.5, 381
09/24/2015, 381.5, 93318, 381, 384, 379.25
09/23/2015, 383.25, 88046, 382.5, 384.5, 379
09/22/2015, 380.5, 113398, 380.25, 384.5, 377.25
09/21/2015, 384.5, 138157, 384, 385.5, 375
09/18/2015, 377.25, 113972, 377.25, 382.5, 376.5
09/17/2015, 379.75, 89428, 380, 385.5, 379.25
09/16/2015, 386, 124073, 385.25, 391, 383
09/15/2015, 390.5, 127023, 390.5, 395, 388.75
09/14/2015, 379, 741, 377.5, 381, 375
09/11/2015, 374.5, 2234, 361.75, 374.75, 357
09/10/2015, 361.75, 2086, 356, 362.25, 355.5
09/09/2015, 356.5, 3799, 357.5, 359.25, 353.25
09/08/2015, 355, 4732, 354.25, 355.5, 351
09/04/2015, 349.5, 5723, 348, 350.75, 346.75
09/03/2015, 347.75, N/A, 347.75, 347.75, 347.75
09/02/2015, 354, N/A, 354, 354, 354
09/01/2015, 356, 13869, 359, 362.5, 355.25
08/31/2015, 363.75, 24782, 361.75, 365.25, 359.75
08/28/2015, 363.25, 114820, 362, 368.75, 362.25
08/27/2015, 363.75, 118412, 362, 367.25, 360.25
08/26/2015, 361.75, 62935, 361, 369, 361.5
08/25/2015, 365.5, 92260, 365.5, 375, 363.75
08/24/2015, 368.75, 141048, 368, 370.25, 354
08/21/2015, 365.25, 81827, 365.5, 372.5, 364
08/20/2015, 371, 82443, 370.5, 371.75, 367
08/19/2015, 367.25, 82348, 367, 372, 365.75
08/18/2015, 366.25, 73545, 365.75, 368.25, 361.75
08/17/2015, 363.25, 83984, 363, 368, 361.25
08/14/2015, 364, 108362, 364, 365.75, 359.75
08/13/2015, 363.75, 156678, 363, 364.75, 355.25
08/12/2015, 357.25, 193078, 358.75, 382.75, 346.5
08/11/2015, 376.5, 129898, 376.5, 388.5, 376
08/10/2015, 390.25, 163255, 388, 391.5, 373.75
08/07/2015, 372.75, 121900, 372, 375, 366.5
08/06/2015, 369.75, 75429, 369.75, 375, 369.25
08/05/2015, 372.75, 107572, 372.5, 373.75, 367.5
08/04/2015, 368.75, 72449, 367.75, 372.75, 366.75
08/03/2015, 366.5, 75758, 366, 370.5, 365
07/31/2015, 371, 91978, 371, 377.5, 369.25
07/30/2015, 373.25, 101864, 373.5, 374.5, 365.75
07/29/2015, 367.75, 89506, 367.5, 377.75, 367
07/28/2015, 375, 77768, 375, 376, 370
07/27/2015, 373, 151089, 373, 389.25, 372.5
07/24/2015, 392.5, 81299, 392.5, 403.5, 392
07/23/2015, 403.25, 78800, 403, 405.25, 398.5
07/22/2015, 402.75, 90227, 402.25, 407.5, 399.75
07/21/2015, 406.5, 89043, 406.5, 410.25, 402.5
07/20/2015, 405, 106342, 405.5, 418.5, 404.5
07/17/2015, 420.25, 99861, 420, 429.5, 418.25
07/16/2015, 430, 137455, 428.25, 438.75, 428.25
07/15/2015, 429.5, 146536, 429.5, 431.75, 421
07/14/2015, 424, 712, 433.75, 436.25, 423.25
07/13/2015, 433.5, 1500, 428.25, 434.25, 424
07/10/2015, 427.25, 1925, 420, 431, 418
07/09/2015, 421.25, 5157, 420, 425, 416.5
07/08/2015, 416.25, 5680, 414.75, 420.75, 411.75
07/07/2015, 415.75, 6687, 411.75, 416, 407.75
07/06/2015, 418.5, 8627, 411.25, 419.5, 409
07/02/2015, 419.75, 8460, 412, 422, 409.75
07/01/2015, 413.75, 17762, 406.5, 417, 403
06/30/2015, 414, 34219, 412, 415, 382.75
06/29/2015, 383.25, 121559, 383, 391.75, 381.75
06/26/2015, 385, 162487, 385, 390, 375.5
06/25/2015, 376.5, 148530, 376, 377, 363.5
06/24/2015, 366.5, 168831, 366, 371, 363.25
06/23/2015, 367.5, 174616, 366.5, 368.75, 360.5
06/22/2015, 360, 158430, 359.75, 360.5, 350.5
06/19/2015, 353.25, 150794, 353.25, 358, 351.75
06/18/2015, 358, 167145, 357, 361.25, 356
06/17/2015, 359.25, 187078, 359, 361.25, 353.75
06/16/2015, 354, 237128, 354, 354.25, 347.5
06/15/2015, 348.25, 247456, 349, 353.25, 346.75
06/12/2015, 353, 207382, 352.25, 356.75, 352.25
06/11/2015, 356.5, 228643, 356, 360, 354.5
06/10/2015, 357.25, 331753, 357, 366.5, 356.75
06/09/2015, 365, 209310, 364.75, 368.5, 362.5
06/08/2015, 365.25, 157993, 364, 366.25, 360.5
06/05/2015, 360.5, 194307, 360.25, 367.25, 359.75
06/04/2015, 363.5, 135597, 363, 364.5, 356.5
06/03/2015, 359, 208727, 359, 364, 357
06/02/2015, 359, 166536, 358.5, 359.5, 351.75
06/01/2015, 352.25, 127697, 352, 354.25, 348.25
05/29/2015, 351.5, 129248, 351, 357, 350
05/28/2015, 353.5, 147309, 353, 355, 348.25
05/27/2015, 349.5, 166733, 349.25, 356.5, 348.75
05/26/2015, 355, 160266, 355, 362.5, 354
05/22/2015, 360, 145480, 361, 367.75, 359.75
05/21/2015, 365, 160047, 364.5, 366.5, 359.75
05/20/2015, 360, 146236, 360, 362.5, 358.5
05/19/2015, 362, 165702, 362, 368.5, 360.25
05/18/2015, 368, N/A, 367.5, 368, 368
05/15/2015, 365.5, 163094, 365, 371.5, 362
05/14/2015, 361, 121, 356.75, 363.75, 356
05/13/2015, 356, 570, 356.25, 359, 352.75
05/12/2015, 357, 394, 355.5, 362, 355.25
05/11/2015, 358.25, 630, 359, 361, 357
05/08/2015, 358.5, 1202, 357.75, 359, 356.5
05/07/2015, 357.75, 3250, 365.5, 366.25, 357.25
05/06/2015, 366.5, 2905, 361.75, 369, 361.75
05/05/2015, 361.25, 4077, 355.75, 361.75, 354
05/04/2015, 358.75, 3268, 362.25, 360.75, 356.75
05/01/2015, 359.75, 5947, 361.5, 363, 357.5
04/30/2015, 362.5, 18599, 366, 367.75, 360
04/29/2015, 363.75, 69155, 363.75, 364.5, 359.5
04/28/2015, 361, 99966, 361, 363.5, 359
04/27/2015, 360.75, 102054, 360.5, 365.25, 360.5
04/24/2015, 364.5, 125132, 364, 371.25, 363.75
04/23/2015, 370.75, 169974, 371, 378, 370.25
04/22/2015, 372.5, 126522, 372.5, 374, 369.25
04/21/2015, 373, 162752, 373.25, 377, 371.25
04/20/2015, 378, 116447, 377.75, 381.75, 375.75
04/17/2015, 379.75, 141491, 379, 380.75, 375
04/16/2015, 376.25, 108440, 376.5, 377.75, 373
04/15/2015, 376, 205192, 376, 379, 370.5
04/14/2015, 373.5, 160093, 373, 374.75, 370
04/13/2015, 370.5, 172152, 370.5, 376, 370.25
04/10/2015, 377, 180848, 377, 379.5, 374.25
04/09/2015, 378, 178206, 378, 380, 375
04/08/2015, 379.25, 200087, 379.25, 385, 376.75
04/07/2015, 383, N/A, 383, 383, 383
04/06/2015, 385, 73475, 384.75, 390, 383.5
04/02/2015, 386.5, 165013, 386, 388.5, 378.25
04/01/2015, 381.75, 205135, 381.25, 382.25, 374
03/31/2015, 376.25, 331193, 376.5, 398.5, 375.5
03/30/2015, 394.5, 159875, 394, 395, 390
03/27/2015, 391, 120766, 390.75, 393.5, 389.25
03/26/2015, 391.25, 136927, 391, 397, 389.25
03/25/2015, 395, 135402, 394, 395.75, 391.5
03/24/2015, 393.25, 126068, 392.75, 393.75, 388.5
03/23/2015, 390.25, 149300, 389.75, 391.75, 385
03/20/2015, 385, 201187, 384.25, 387.5, 372.75
03/19/2015, 373.5, 141224, 373, 380.5, 370.5
03/18/2015, 374.75, 133886, 375, 375.25, 367
03/17/2015, 371, 166274, 371, 379.75, 370
03/16/2015, 379, 138824, 379, 382.25, 375.5
03/13/2015, 374, 453, 383.25, 383.75, 375.25
03/12/2015, 382.25, 1239, 384, 384.75, 380
03/11/2015, 384, 1510, 382.25, 387.75, 381.5
03/10/2015, 382.25, 3996, 383, 384.5, 377
03/09/2015, 383.25, 1867, 384.25, 384.75, 379.25
03/06/2015, 379.25, 4283, 381, 382.5, 376.5
03/05/2015, 382.75, 5937, 381.25, 384.75, 380
03/04/2015, 381.5, 10520, 381, 382.25, 378
03/03/2015, 382, 13321, 380.5, 382.75, 375.75
03/02/2015, 378.75, 15869, 382.75, 385.5, 377.5
02/27/2015, 384.5, 31115, 380, 387.25, 377
02/26/2015, 380, 78536, 377.75, 382.25, 375
02/25/2015, 375.75, 99723, 375.25, 379.5, 371.5
02/24/2015, 377.5, 184212, 377.5, 387, 377.5
02/23/2015, 378.75, 117013, 379, 386, 377.5
02/20/2015, 385.25, 110094, 385, 389.5, 383.5
02/19/2015, 389.75, 155100, 389.5, 391.25, 382.25
02/18/2015, 383.75, 119900, 383.25, 390.5, 383
02/17/2015, 389.5, 147273, 389, 391, 385
02/13/2015, 387.25, 154276, 387, 388.5, 382.25
02/12/2015, 383, N/A, 383, 383, 383
02/11/2015, 385.75, 160889, 385.75, 389.75, 384
02/10/2015, 388, 193425, 388, 391.5, 384.5
02/09/2015, 391.25, 202497, 391.5, 391.75, 383.5
02/06/2015, 385.75, 187712, 385, 389.5, 380
02/05/2015, 385.25, N/A, 385.25, 385.25, 385.25
02/04/2015, 383.5, 166079, 383, 388.25, 379.5
02/03/2015, 385.75, N/A, 385, 385.75, 385.75
